payment_type,payment_type_name,total_trips,total_revenue,avg_revenue_per_trip
1,Credit Card,25078629,487750218.9800312,19.448839048579217
0,Unknown/Not Specified,6982828,144822080.91000378,20.739746261830277
2,Cash,3380406,64568613.33000042,19.10084567652537
3,No Charge,63273,1123296.03,17.75316533118392
4,Dispute,44218,917693.6100000001,20.753847075851464
5,Unknown,1,51.8,51.8
